lrn,last_name,first_name,middle_name,birthday,gender,street_address,city,grade_level
1,Devinn,Conny,Dorie,12/3/2001,Male,672 Summit Parkway,Dembeni,7
2,Reolfi,Kath,Buffey,3/25/1998,Female,5056 Hooker Junction,Los Angeles,7
3,Tanfield,Libby,Heynen,9/29/1999,Female,6 Ilene Avenue,Kronoby,7
4,Kinner,Sibbie,Hirsthouse,4/22/2004,Female,1 South Street,Zaragoza,9
5,Lacoste,Marjory,Pepall,3/7/1994,Female,6837 Waxwing Lane,Reiko,8
6,Bratchell,Silvan,De Filippi,7/27/1993,Male,804 Eliot Hill,Massy,9
7,Whartonby,Felike,Salman,1/27/1996,Male,5 Bay Place,Santa Cruz,10
8,Beed,Frannie,Eydel,8/21/2005,Male,05370 Clove Trail,Bisée,10
9,Swepson,Salmon,Cantero,12/9/1999,Male,86001 Bayside Trail,Ajung,10
10,Finan,Harwilll,Chastney,1/25/2004,Male,045 2nd Avenue,Mohale’s Hoek,7
11,O' Lone,Verney,Palomba,12/5/1993,Male,9 John Wall Parkway,Borek Wielkopolski,10
12,Hoppner,Katrine,Ajsik,11/22/1991,Female,816 Melvin Parkway,Mirador,9
13,Starton,Courtenay,Bowman,4/1/2005,Female,4 Karstens Hill,Stetseva,7
14,Yannoni,Linoel,Towey,2/19/1996,Male,74 Hoard Place,Ozamiz City,9
15,Sore,Latrena,Ickovicz,10/26/1998,Female,00676 Hovde Crossing,Stoczek Łukowski,8
16,Handes,Lillian,Calderhead,5/19/2005,Female,7616 West Drive,Xiayang,10
17,Robbe,Lorna,Van der Velden,9/20/1996,Female,5 Division Street,Xiwei,10
18,Sam,Gardie,Copsey,10/6/2004,Male,35747 Bayside Terrace,Minna,10
19,Stennes,Burgess,Schoular,7/25/2001,Male,6 Magdeline Terrace,Baruunturuun,9
20,Humpatch,Brunhilde,Chatelain,11/5/2002,Female,0 Nova Circle,Labao,9
21,L'Amie,Ingeberg,Axelbey,10/6/2005,Female,4307 Maywood Junction,Borbon,7
22,Croad,Isak,Spavon,12/13/2003,Male,06403 Vernon Street,Guangdu,7
23,Geraudy,Ross,Silson,9/22/1998,Male,388 Katie Trail,Banjar Medura,7
24,Ambrosoni,Hamish,Gimblet,2/14/1991,Male,3 Longview Hill,Chikwawa,10
25,Whitnall,Horace,Poulgreen,6/9/2002,Male,04869 Straubel Road,Kinamayan,7
26,Vedeshkin,Jarrod,Wistance,2/20/2004,Male,0663 Pleasure Way,Rochefort,9
27,Longworth,Vickie,Shemilt,8/11/2005,Female,01 Hollow Ridge Alley,San Javier,10
28,Devoy,Frayda,Giacobini,12/18/2002,Female,7 Huxley Hill,Joyabaj,10
29,Coote,Arthur,Marsay,1/15/1990,Male,04 Dawn Street,Antagan Segunda,10
30,Potten,Raymund,Maddick,2/4/2001,Male,174 Shelley Plaza,San Ignacio de Velasco,10
31,Lear,Drusie,Foulstone,10/31/1995,Female,45668 Reindahl Crossing,Colorado Springs,7
32,Birkmyre,Reinaldos,Lammiman,8/21/2001,Male,5 Kropf Center,Majin,9
33,Osment,Florette,Doogan,6/15/1995,Female,5602 Dottie Park,Pomacocha,9
34,Dinan,Collete,Westlake,6/17/2001,Female,9 Sycamore Avenue,Cuiabá,10
35,Bril,Kayley,Orhrt,1/4/1996,Female,062 Express Plaza,Shuangjie,8
36,Lauritsen,Anetta,Duffus,3/31/1993,Female,16945 Menomonie Avenue,Stýpsi,8
37,Gatman,Tillie,Temporal,5/19/1992,Female,4 Springs Pass,Yanbei,9
38,Auchterlony,Maridel,Beccles,6/25/1998,Female,47 Comanche Drive,Maimará,8
39,Crossingham,Cullin,Rapaport,12/31/1998,Male,76 Sunfield Drive,Bergville,9
40,Tubble,Justinian,Deniskevich,11/2/1994,Male,29 Alpine Hill,Rybnoye,7
41,Sidery,Mignonne,Sarten,12/4/1999,Female,8 Redwing Center,Jauja,10
42,Westoff,Alysia,Cunde,9/14/2001,Female,02998 Dixon Terrace,Ciroyom,9
43,Edmons,Griswold,Decayette,2/2/1998,Male,45637 Mccormick Way,Huangzhai,10
44,Giacopini,Burt,Soreau,4/16/1990,Male,0143 Shoshone Point,Crateús,9
45,Ferneley,Nappie,Trevascus,11/3/1990,Male,22 Kedzie Park,Chebba,9
46,Edmundson,Linc,Fender,10/4/1992,Male,1 Del Sol Trail,Cigembong,8
47,Bladder,Gan,O' Borne,12/7/1993,Male,5 Thompson Plaza,El Alto,9
48,Lotterington,Richy,MacCallam,4/21/1990,Male,66424 Canary Parkway,Dhuusamarreeb,9
49,Jewes,Dori,Thornhill,6/24/1992,Female,038 Lake View Lane,Angers,9
50,Hourican,Karlie,Lowdwell,7/23/1996,Female,9096 Nevada Lane,Gaplokan,9
51,Brouwer,Claudius,Joel,1/25/1994,Male,325 Hoffman Circle,Capivari,9
52,Spelsbury,Randy,Valdes,7/1/1998,Male,4 Ilene Hill,Biguaçu,8
53,Rewbottom,Fredelia,Scowcroft,7/3/2005,Female,1085 Iowa Junction,Chiguirip,8
54,Dunning,Vilma,Mynett,9/19/1992,Female,77 Schmedeman Circle,Jajawai,10
55,Dixie,Peg,Patmore,8/31/1994,Female,6 1st Court,Bajina Bašta,10
56,Levison,Ralina,Pettican,3/15/1991,Female,6155 6th Trail,Dandu,8
57,Gerrit,Alexander,Merchant,9/24/2005,Male,17389 Wayridge Way,Mainit,8
58,Schulken,Emmalyn,Maidlow,11/1/2003,Female,28577 8th Hill,Babice,10
59,Leversuch,Angy,Matuschek,2/8/1994,Female,7 Northfield Lane,Chunmuying,8
60,Mewton,Emily,Corr,3/8/1991,Female,6917 Pine View Crossing,Guilin,8
61,Alejandro,Abraham,Haliburn,11/22/1996,Male,1 Independence Plaza,Ford,8
62,Hallas,Eba,Rutt,3/31/2003,Female,775 Beilfuss Circle,Tapada das Mercês,10
63,Jaspar,Rudolfo,Agiolfinger,11/2/1996,Male,93 4th Avenue,Héroumbili,8
64,Cargen,Ogden,Popping,4/29/1994,Male,616 Evergreen Park,Jalqamūs,7
65,Emmison,Jose,Aspital,2/14/1992,Male,54 Anzinger Street,Yuzhou,9
66,Ghidoli,Tabor,Ucceli,5/18/1998,Male,36734 Division Trail,Kertasari,8
67,Watters,Connie,Sacase,12/13/1991,Female,46872 Bayside Terrace,Sumberejo,8
68,Braithwait,Lula,Scraney,1/20/1995,Female,8 Gulseth Crossing,Nkandla,10
69,Boulter,Lodovico,Lyokhin,7/7/2004,Male,8795 Bartelt Place,Yutan,8
70,Iley,Archambault,Frotton,1/11/1995,Male,7 Marquette Avenue,Micheng,7
71,Adlem,Brien,Bengough,4/13/2005,Male,81135 Bultman Pass,Denov,9
72,FitzGilbert,Cherish,Marcam,8/28/2002,Female,843 Thackeray Street,Gornorechenskiy,9
73,Chanter,Lilith,Crayker,9/27/1998,Female,142 Dennis Crossing,Vân Canh,8
74,Harrow,Katina,Beaze,1/29/1996,Female,27 Oxford Circle,Mojoroto,10
75,Mollen,Granny,Aldhous,4/11/2005,Male,827 Kennedy Alley,Mishima,7
76,McPhillimey,Arney,Boule,8/24/1998,Male,8 Armistice Avenue,Tambaksumur,10
77,Necrews,Emmalynn,Kilmartin,4/2/1993,Female,51 Fisk Terrace,Cergy-Pontoise,10
78,Moulsdale,Storm,Caston,3/28/2000,Female,3 Burrows Point,Rouen,10
79,De L'Isle,Ki,Bedle,2/28/1999,Female,7 Dakota Lane,San Juan Bautista,9
80,Shovelin,Burty,Wickwarth,9/4/2005,Male,52243 Golf Course Center,Rizó,9
81,Gerrie,Decca,Sailer,12/30/1996,Male,49 Ilene Point,Leudelange,7
82,Jacklings,Jacenta,Kliesl,7/27/2005,Female,753 Johnson Way,Engenho,8
83,Crayke,Joella,Butrimovich,4/10/2000,Female,7843 Fisk Avenue,Mao’ershan,10
84,Symes,Wilmette,O'Dowgaine,11/19/2003,Female,5858 Little Fleur Place,Zaliztsi,9
85,Stannas,Dilly,Kenwrick,11/12/2000,Male,44139 Gerald Hill,Sukaharja,7
86,Hazelden,Dalia,Mahaffey,2/2/1992,Female,465 Tennessee Parkway,Tungao,7
87,Adamson,Clare,Klamman,5/3/1994,Female,4 Summit Way,Philipsburg,9
88,Sullens,Jody,Drewitt,7/29/1997,Female,669 Manufacturers Avenue,Lile,7
89,Sinkin,Graham,Halle,12/11/2003,Male,042 Stuart Place,Pocora,9
90,Spellessy,Phyllida,Mansford,12/25/1998,Female,756 Kensington Pass,Zlatni Pyasatsi,8
91,Keep,Sim,Alexandrou,2/12/2001,Male,4831 Prentice Park,Zhaxi,8
92,O'Scannill,Alphonso,Connop,1/21/2000,Male,62 Northwestern Trail,Vladimir,10
93,Luggar,Ines,Karlolak,5/13/2003,Female,1 Muir Center,Kungälv,8
94,Castelot,Sabrina,Manuely,8/18/2001,Female,72 Evergreen Street,Nancun,10
95,Riggoll,Berke,Kinsell,11/9/1998,Male,3 Johnson Parkway,Cartago,8
96,Celli,Robina,Kenewel,5/26/2003,Female,9 Evergreen Way,Širvintos,7
97,Wetherhead,Clarine,Kefford,2/3/2003,Female,257 Doe Crossing Drive,Huanglong,7
98,Vick,Edna,Feast,1/27/1991,Female,556 Randy Way,Zdíkov,9
99,Millins,Bessy,Bellringer,7/10/1991,Female,40 Sachs Crossing,Araguari,10
100,Caslin,Leonhard,Penna,11/20/1991,Male,47 6th Circle,Chiscas,7
101,Paff,Nicolas,Burgum,3/20/2000,Male,45 David Terrace,Gaur,8
102,Pilch,Dusty,Roulston,7/13/1997,Female,29 Corry Lane,Aya,7
103,Jarmyn,Keslie,Tocque,7/28/1995,Female,652 7th Park,Villasis,7
104,Hucker,Quillan,Moggan,1/7/1992,Male,3 Donald Terrace,Olhão,9
105,Yurkov,Kenyon,Collinette,8/31/1995,Male,96 Summer Ridge Trail,Uva,8
106,Probate,Clemmy,Chalke,5/4/1990,Female,1 Bartelt Avenue,Jinping,7
107,Fortnon,Ynez,Dobel,10/30/1997,Female,5077 Katie Avenue,Vila Nova de Milfontes,7
108,Espinet,Micky,Oggers,11/6/1995,Male,142 Schmedeman Avenue,Kasui,9
109,Olivari,Gerhard,Akroyd,8/18/1994,Male,587 Dryden Road,Tangjiakou,9
110,Tavernor,Alyson,Paulson,12/28/2003,Female,9386 Vermont Trail,Manhete,10
111,Mathey,Lindy,Dafter,11/26/2004,Male,29 Sullivan Lane,Santa Ana,7
112,Itzkin,Kirk,Sevior,7/22/1991,Male,27 Stephen Street,Rurrenabaque,10
113,Skarr,Maje,Coolson,12/12/1997,Male,3 Main Circle,Shelabolikha,8
114,Nichol,Hugibert,Skinner,1/21/2000,Male,8144 Luster Plaza,Río Campo,8
115,Nannini,Aldin,Alcide,1/4/2002,Male,754 Moland Way,Sukolilo,9
116,Hallard,Jacinthe,Fitzsymons,4/13/2001,Female,6230 Lakewood Gardens Avenue,Mari,7
117,Ryton,Modestia,Wilkins,8/5/1991,Female,0542 Oakridge Park,Cam Lộ,7
118,Brophy,Hunter,Gilbard,9/21/2003,Male,4469 High Crossing Drive,Koltubanovskiy,9
119,Frearson,Dorie,Bruyntjes,6/8/2000,Male,7 Gerald Terrace,Quito,8
120,Fiddy,Mariejeanne,Tedorenko,1/30/2005,Female,02187 Northfield Alley,Longtian,7
121,Gozzard,Nealon,Petrulis,10/2/2002,Male,6 Mariners Cove Way,Wangping,10
122,Waplington,Casar,Mahood,8/4/2003,Male,719 Petterle Crossing,Hajoho,7
123,Baggs,Hamlen,Notman,4/11/1999,Male,12 Westport Court,Gapluk,8
124,Tamblyn,Rayna,Behagg,1/17/2003,Female,57388 Mariners Cove Crossing,Kabac,8
125,Nellis,Papageno,Monnelly,4/12/2002,Male,273 Comanche Court,Sarata,8
126,Peskett,Guinna,Gasgarth,7/15/1993,Female,54023 Sherman Plaza,Hepingyizu,7
127,Stidever,Tonia,Boler,10/13/1995,Female,68851 Kensington Crossing,Machico,8
128,Milier,Glynnis,Marl,5/9/2004,Female,392 Swallow Plaza,Concord,7
129,Pasfield,Windham,Devonald,12/27/1992,Male,4842 Northview Pass,Khao Yoi,9
130,Betterton,Harry,Filipov,5/9/2005,Male,0 Northview Trail,Mende,10
131,McGee,Gail,Cumming,8/7/1994,Female,0 Caliangt Park,Qincheng,8
132,Lillo,Kirby,Vallentin,2/24/1996,Female,583 Talisman Junction,Hradec Králové,7
133,Crennell,Bryce,Winkett,8/22/1990,Male,8 Old Gate Court,Al Ḩayfah,9
134,O'Carran,Gardie,Grut,9/1/1993,Male,34404 Banding Court,Villa Paula de Sarmiento,10
135,Conlaund,Osborn,Kimbling,10/24/2004,Male,79 Bultman Alley,Cogtong,10
136,Dellenty,Marjory,Fillgate,5/5/1991,Female,8 Porter Road,Saga-shi,9
137,Gianinotti,Cull,Barker,1/17/1996,Male,9 Bashford Lane,Niba,7
138,Gauld,Leoine,Tillman,5/5/2001,Female,32 Moulton Center,Hanzhong,8
139,Chetwin,Alaine,Ketteman,12/25/2003,Female,9181 Talisman Terrace,Altos,7
140,Beese,Josias,Di Biasio,2/9/1998,Male,6 Burrows Drive,Tabinay,9
141,Nisot,Kimberly,Kestell,4/23/1995,Female,8011 Mitchell Junction,Baiquesi,8
142,Heart,Nettie,Assandri,5/19/1992,Female,7 Butternut Drive,Otwock,9
143,Burton,Lily,Bowyer,8/5/2005,Female,800 Oneill Hill,Freixo de Numão,7
144,Fowkes,Sigfried,Tenbrug,4/30/1993,Male,12 Kennedy Avenue,Qaşr al Farāfirah,7
145,Bollum,Ozzie,Molineaux,7/28/2000,Male,4 Parkside Court,Ranot,8
146,Jonuzi,Shalne,Quare,12/25/1999,Female,92913 Buhler Point,Hougong,7
147,Crain,Cary,Jellings,4/18/1991,Female,49 Porter Place,Shenavan,10
148,Ailmer,Talyah,Jaulme,12/29/2002,Female,48185 Mallory Terrace,Cái Dầu,9
149,McBean,Gretel,Supple,2/24/2003,Female,6743 Northport Park,Baltiysk,10
150,Chettle,Monah,Atwel,10/12/2005,Female,55141 Portage Road,Masalovka,8
151,Cavell,Greg,Traviss,5/18/2002,Male,30703 Washington Point,Sydney,10
152,Longbothom,Marrilee,Connar,8/23/1994,Female,1400 Bluestem Junction,Chignayhua,9
153,Stucke,Floyd,Smithson,5/25/2002,Male,2 Ohio Road,Date,8
154,Thomassin,Becki,Hoovart,4/11/1994,Female,918 Kipling Center,Jasugih Selatan,7
155,Hoyte,Kirbie,McCroary,8/15/2005,Female,10691 Longview Road,Namangan Shahri,8
156,Slyman,Zenia,Wimmer,9/5/1999,Female,6 Badeau Drive,Surat Thani,10
157,Baldrick,Colly,Bice,9/20/2002,Female,845 Crowley Lane,Bantar Tengah,7
158,Herreran,Mora,Hanscomb,6/28/1998,Female,143 Mesta Terrace,Nikolayevka,8
159,Petrecz,Farris,Roseblade,1/8/2004,Male,9 Sunnyside Center,Porto Ferreira,7
160,Frosch,Blondie,Hearthfield,1/17/2004,Female,13959 Pierstorff Court,Shunyi,9
161,Mathouse,Christian,Chill,4/7/2002,Male,5 Meadow Ridge Center,Rinconada,10
162,Grinyer,Leighton,Dunham,12/4/1997,Male,46901 Roth Parkway,Klukeng,7
163,Vannozzii,Aveline,Bodega,7/1/2004,Female,9 Sherman Lane,Qiaotou,10
164,Antoniutti,Darcie,Gronw,9/2/2003,Female,2654 Fieldstone Parkway,Orodo,7
165,Timcke,Deanne,Kennet,10/29/2001,Female,2952 Monument Place,Cap Malheureux,7
166,Rouff,Elva,Maddox,7/6/2004,Female,4550 East Circle,Vesëlyy,8
167,Gregorowicz,Hinze,Bartalucci,12/5/1995,Male,41456 Evergreen Street,Taounate,7
168,Sagg,Valera,Tindle,3/5/1992,Female,1 Delaware Road,Salaya,9
169,Klousner,Leroy,Postians,4/5/1996,Male,61 Orin Place,Xiakouyi,9
170,Ghion,Odell,Kunzler,12/2/2001,Male,2 Mockingbird Center,Davydovo,9
171,Austen,Cathy,Stanborough,9/2/1990,Female,543 Talisman Parkway,Kołbiel,7
172,Klugel,Skyler,Lowres,3/2/1996,Male,9 Garrison Street,Taourirt,10
173,Dunbleton,Claudius,Lowndsborough,1/19/1993,Male,146 Lyons Plaza,Budënnovsk,7
174,Markwelley,Guy,Basil,9/8/1998,Male,56666 Merrick Plaza,Sukkozero,8
175,Whale,Marika,MacMeeking,3/18/2003,Female,69313 Old Shore Park,Donggang,10
176,Blandamore,Emmett,Kase,11/5/2002,Male,88 Fieldstone Place,Fosca,10
177,Maulin,Raphael,Torrisi,5/11/2002,Male,3 School Street,Beaumont,8
178,Tilt,Terri,Krebs,11/10/2000,Male,54 Russell Crossing,Svislach,8
179,Bidewell,Lorelle,Lacroix,10/1/1995,Female,3 Springview Terrace,Junqueiro,10
180,Gadsby,Rafferty,Auguste,10/16/1999,Male,2 Stang Alley,Loum,9
181,McGuirk,Diandra,Pilmore,8/21/2003,Female,9 Glacier Hill Way,Sanjiang,10
182,Ramelot,Kaleena,Darling,2/11/2004,Female,594 Carpenter Court,Hatogaya-honchō,8
183,Goudard,Frants,Hryniewicz,1/14/2004,Male,0301 Fieldstone Parkway,Bielsk Podlaski,8
184,Lodden,Corbin,Mouan,11/15/1996,Male,7 Ohio Terrace,Dongtucheng,8
185,Derx,Deerdre,Watson,3/18/1995,Female,83147 Havey Street,Parral,7
186,Firebrace,Burnaby,Danieli,4/10/1995,Male,18659 Bunker Hill Terrace,Dongyuan,9
187,Cromie,Binnie,Bright,12/8/2000,Female,5584 Knutson Terrace,Gorshechnoye,10
188,Lippiatt,Laurella,Sadgrove,4/9/2003,Female,95 2nd Pass,Urus-Martan,9
189,Cocklie,Tommie,Asple,12/26/1998,Male,993 Union Circle,Haliut,9
190,Pilmoor,Lon,Gouda,1/30/1990,Male,0 Carey Street,Springfield,8
191,Hegden,George,Fysh,3/28/1999,Male,417 Bartillon Point,Centre de Flacq,10
192,Mizzi,Jamal,Beecraft,6/16/2002,Male,987 Pawling Plaza,Moutsamoudou,10
193,Hovy,Pascal,Tynemouth,8/11/1991,Male,70 Hanson Avenue,Manzurka,9
194,Fazackerley,Eb,Isacoff,5/9/1992,Male,36267 Northland Pass,Huangling,8
195,Hardman,Lay,Doerling,12/16/1991,Male,3856 Meadow Ridge Place,Comandante Luis Piedra Buena,8
196,Giddy,Sarina,Kornes,9/26/1990,Female,8598 Dawn Alley,Prażmów,8
197,Patrickson,Gearard,Nast,9/25/1998,Male,246 Magdeline Road,Kauhan,7
198,Bosley,Alissa,Clemendot,6/19/1998,Female,89237 Bultman Street,Sérifos,7
199,Belle,Rozamond,McAllan,4/7/1993,Female,843 Grayhawk Drive,Qingguang,10
200,Lemasney,Melania,Keuning,9/5/1994,Female,12234 Loeprich Trail,Kochenëvo,8
201,Sooley,Jarrett,Lyven,9/1/1990,Male,768 Pankratz Park,Karangsembung,8
202,Matresse,Glyn,Simoncelli,12/1/1997,Male,5 South Street,Dvurechensk,8
203,Burrus,Dominique,D'Agostino,9/14/1999,Male,68816 Vahlen Circle,Paris 02,7
204,Duffit,Rodi,Testin,11/6/1992,Female,9 Bultman Crossing,Komyshany,9
205,Joe,Glynda,Warbeys,10/21/1996,Female,4548 Lukken Drive,Balibagan Oeste,9
206,Vedyaev,Gerhardt,Huffey,5/31/2001,Male,42355 6th Crossing,Kamenný Přívoz,7
207,Gianolo,Durant,Eversfield,10/8/2002,Male,93539 Lindbergh Center,Cuamba,8
208,Gaunt,Reed,Folliss,1/7/1990,Male,1647 Norway Maple Terrace,Shīeli,10
209,Berick,Burnard,Crosscombe,3/4/2004,Male,05 Mallard Terrace,Trabulheira,9
210,Mancell,Nichole,Kaines,9/15/1990,Female,121 Debs Avenue,Farroupilha,9
211,Yurchenko,Gradeigh,O'Reilly,5/5/1999,Male,5 Golf Hill,Józefów,10
212,Wardle,Holly,Oultram,1/27/2003,Female,70 2nd Terrace,Prislonica,7
213,Tovey,Gideon,Potzold,7/11/2000,Male,4071 Golf Street,Isahaya,9
214,Stolz,Tamma,Ather,11/8/1995,Female,87 Oriole Pass,Wugong,7
215,Summerly,Barbara,Domnick,8/7/2003,Female,3196 Continental Circle,Ettelbruck,10
216,Mintrim,Julietta,Dunsleve,6/6/1996,Female,5495 Warner Alley,Mesa,10
217,Lyston,Kym,Nansom,10/30/1990,Female,3 Sugar Crossing,Novozavedennoye,9
218,Gabriel,Jilli,Soanes,12/2/2000,Female,5788 Kinsman Avenue,Pita Kotte,8
219,Kiff,Thornie,Falconbridge,11/10/1998,Male,9 Onsgard Avenue,Baimiao,8
220,Garie,Gunilla,Hamblin,5/22/1991,Female,73369 Straubel Pass,New Mīrpur,7
221,Palister,Frayda,Mabley,8/22/1999,Female,0336 Northland Pass,Banjarsari,9
222,Kilban,Sarine,Abrahamsson,1/10/1995,Female,3075 Northport Court,Asaka,10
223,Etoile,Giulia,MacManus,12/21/2002,Female,4253 Kedzie Park,Nowy Staw,8
224,Glazebrook,Mufi,Khidr,11/24/2000,Female,85129 Westerfield Plaza,Cibeureum,7
225,Baddoe,Lucias,De'Vere - Hunt,6/30/1995,Male,2450 Summerview Avenue,Sitularang Landeuh,10
226,Stoaks,Jeremy,Danilenko,3/4/2005,Male,63 Express Park,Uujim,8
227,Gianneschi,Hy,St. Paul,6/19/1999,Male,35 Jackson Avenue,Leones,10
228,de Broke,Brenda,Volcker,9/16/2004,Female,8 Oakridge Place,Anabar,9
229,Balasini,Arel,Spacie,9/8/1994,Male,85265 2nd Pass,Carreira,9
230,Iskower,Kenn,Kloisner,4/16/1995,Male,84 Meadow Valley Center,Ligonggang,7
231,MacShane,Cecilio,Merigeau,1/31/1997,Male,0 Loftsgordon Avenue,Terpsithéa,9
232,Duly,Rosco,Sogg,4/3/1994,Male,737 Meadow Ridge Point,Aglipay,9
233,Quarmby,Amby,Harroway,1/8/1996,Male,7501 Karstens Lane,Iznoski,9
234,Tattersfield,Beulah,Malthus,12/7/2005,Female,59 Delladonna Pass,Pingyin,8
235,Bellini,Brodie,Pigden,10/28/1998,Male,5269 Atwood Lane,Gancheng,10
236,Crips,Johnnie,Bonde,10/12/1992,Male,79 La Follette Crossing,Outokumpu,7
237,Wintringham,Curr,Andreu,10/15/1994,Male,10 Golden Leaf Lane,Przemęt,10
238,Longmuir,Harley,Chupin,1/2/1991,Male,4651 Jackson Pass,Susuman,8
239,Travis,Billy,Greenacre,6/21/1991,Female,83704 Fulton Crossing,Tempaling,7
240,Legging,Alden,Cussen,1/29/1994,Male,50656 Towne Trail,Shuitou,8
241,Silkston,Dur,Counsell,9/7/1998,Male,51561 Barnett Drive,Monte-Carlo,8
242,Anderer,Ly,Congdon,7/24/1999,Male,94 Eastlawn Trail,Piteå,9
243,Vasishchev,Margarita,Dallmann,8/24/2001,Female,94 Sommers Drive,Pehčevo,8
244,Exon,Cleon,Pascho,6/22/1990,Male,5574 New Castle Trail,Niort,7
245,Begwell,Bjorn,Chomicz,6/21/1994,Male,327 Marcy Lane,Sikka,9
246,Linton,Perice,Schechter,4/26/1996,Male,931 Homewood Road,Buyunshan,10
247,Addionisio,Lombard,Andriessen,11/28/2000,Male,12 Barnett Point,Kapsan-ŭp,9
248,Vallentin,Austine,Kort,2/14/1998,Female,2 Ramsey Crossing,Borovoy,7
249,Pattie,Gunar,Catton,3/1/1993,Male,18 Straubel Center,Nelson,7
250,Ubsdell,Philomena,Attiwill,6/8/2003,Female,8580 Pierstorff Street,Bongao,7
251,Hoonahan,Ann,Vallantine,5/8/1992,Female,95 Oriole Trail,Salitrillos,8
252,Gobel,Elfrieda,Astman,6/7/1990,Female,92505 Norway Maple Court,Wiązownica,7
253,Tee,Arleyne,Edis,8/13/2000,Female,10032 5th Point,Zaytā Jammā‘īn,9
254,Simnel,Somerset,Radolf,11/30/2004,Male,43 Kings Avenue,Milíkov,10
255,Ackery,Marina,Cansdill,1/9/1992,Female,1 Fieldstone Plaza,Pailitas,10
256,Ardy,Harlen,Bessell,7/14/1995,Male,825 Thierer Court,Sinjai,8
257,MacDermott,Rudd,Bowne,10/18/1994,Male,8 Bluejay Point,Qom,8
258,Skett,Elizabet,Teeney,4/29/2000,Female,716 Dorton Crossing,Tabūk,8
259,Rosellini,Algernon,Joburn,4/24/2001,Male,8 Jackson Alley,Hasuda,7
260,Carnock,Jacquenette,Scroggins,3/20/1994,Female,96112 American Ash Park,Paris 17,9
261,Garbert,Thaine,Houlison,12/2/2000,Male,6 Monument Pass,Tirah,7
262,Scargle,Veriee,De Gouy,12/17/1995,Female,36080 Lukken Point,Vila Nova,8
263,Swainson,Maye,Cicco,4/22/1993,Female,47838 Helena Street,Žebrák,10
264,Cambridge,Ninnetta,Iacapucci,2/8/1990,Female,015 Summit Center,Ulan Us,8
265,Mougin,Corilla,Belhomme,6/4/1999,Female,10281 Tennessee Pass,Den Chai,10
266,Ferrieri,Garfield,Gilgryst,6/2/1993,Male,16246 Glacier Hill Street,Krzyżowice,8
267,Bolmann,Worden,Thecham,6/19/2005,Male,2 Fisk Park,Torino,9
268,Cridge,Eddi,Plowell,1/18/1996,Female,9262 Village Plaza,Nogueira do Cravo,10
269,Medd,Angelita,Drinkhall,2/25/1991,Female,3 Crownhardt Place,Itaúna,8
270,Mingotti,Daisie,Severs,4/18/1995,Female,17 Fair Oaks Park,Hohoe,8
271,Breed,Etheline,McTrustey,10/12/2000,Female,49771 Pine View Place,Bailiang,7
272,Tallow,Cookie,Castagneri,1/5/1992,Female,7 John Wall Avenue,Monte da Pedra,9
273,Morrallee,Delbert,Inger,6/11/1999,Male,2 Pankratz Pass,Al Qarmadah,7
274,Sture,Marissa,Bucknall,5/1/2002,Female,65444 Menomonie Parkway,Shaykh al Ḩadīd,9
275,Millyard,Ambrosius,Barnson,7/12/2005,Male,47680 Rutledge Road,Rancho Nuevo,8
276,Dufaur,Hershel,Pote,7/3/1997,Male,05457 Ramsey Parkway,Sanli,7
277,Bussel,Tiffi,Fiddy,4/16/2001,Female,23698 Lakewood Junction,Vári,7
278,Thor,Ryan,McGeraghty,1/12/1999,Male,5 Golf Course Avenue,Huajie,8
279,Maccari,Liuka,Caig,12/23/1996,Female,1 Melody Parkway,Siguinon,7
280,Romand,Elmore,Colliber,2/7/2001,Male,40639 Sundown Park,Saint Croix,8
281,Asipenko,Sheelah,Bellhouse,10/14/2002,Female,52831 Lien Crossing,Saniwonorejo,9
282,Spoole,Jacquetta,Willavoys,11/8/1991,Female,207 Golf View Avenue,Filiatrá,9
283,Bolderoe,Fina,Krysztofowicz,10/26/2003,Female,9823 Fallview Center,Syanno,7
284,Armistead,Olimpia,Mattioni,9/22/1999,Female,54 Mallard Pass,Aqqan,8
285,Emmert,Cristine,McLese,3/31/2000,Female,1 Coleman Center,Huaguo,9
286,Azema,Ricki,Rraundl,9/27/2001,Male,53 Artisan Lane,Gongchang,9
287,Carabine,Milissent,Eagan,1/16/1998,Female,21604 Declaration Court,Kathmandu,10
288,Kierans,Andie,Frazier,11/15/1996,Male,68098 Boyd Trail,Miguel Hidalgo,9
289,Icke,Claiborne,Cherrett,3/26/1995,Male,623 Continental Road,Longfeng,8
290,Goldman,Germaine,St. John,12/9/2000,Male,98 Lindbergh Drive,Karangcombong,9
291,Topliss,Wilmer,Catherick,2/15/2005,Male,9052 Northfield Road,Dubu,10
292,Garken,Otes,Tirone,8/4/1992,Male,9 Loftsgordon Crossing,Zhouling,9
293,Strasse,Chantal,Edington,1/20/1997,Female,13328 Shoshone Hill,城郊,8
294,Nutbrown,Beaufort,Juleff,9/30/1991,Male,49633 Oakridge Plaza,Ylihärmä,10
295,Haigh,Nikos,Rex,11/12/2004,Male,142 Shelley Road,Skövde,8
296,Derby,Maurene,Sancraft,7/13/1998,Female,054 Gale Pass,Oemanu,7
297,Goodger,Creigh,Dmitrienko,7/19/2005,Male,917 Shoshone Pass,La Mula,7
298,Coupman,Raddie,Healy,12/18/1992,Male,80672 Toban Crossing,Chao,8
299,Alcalde,Cristen,Clipston,2/9/2000,Female,7312 Garrison Court,Xinshi,10
300,Dewes,Emlynne,Leare,3/12/2004,Female,405 Farragut Point,Beau Vallon,8
301,Hucquart,Loralee,Raylton,11/9/2003,Female,26396 Farragut Drive,Carrazeda de Ansiães,8
302,Perche,Ilario,Dwight,9/16/2000,Male,65 2nd Center,Berlin,7
303,Freegard,Dew,Ralestone,4/22/2004,Male,22205 Brentwood Pass,Izobil’nyy,7
304,Sysland,Ole,Sycamore,6/13/1999,Male,8456 Mayer Park,Qiubin,7
305,Selly,Jose,De Robertis,7/20/1998,Male,0 Evergreen Hill,Fulu,7
306,Giacopelo,Jessalin,Jannaway,2/9/1992,Female,5230 7th Plaza,Luba,9
307,Hanbury,Jacklyn,Seleway,11/10/1994,Female,5 Rowland Avenue,Bystré,7
308,Normaville,Juliet,Bagg,9/2/2003,Female,41 Holmberg Plaza,Néo Psychikó,10
309,Bridal,Marthe,O'Collopy,10/3/1998,Female,0591 Schiller Lane,Khvānsār,7
310,Kinner,Chase,Comini,7/3/1994,Male,02 Crescent Oaks Avenue,Mrozy,9
311,Curlis,Yvonne,Cheeld,10/28/1992,Female,28 West Drive,Cambé,8
312,Decourt,Jedidiah,Varcoe,8/2/1993,Male,4900 Redwing Drive,Sukamaju,9
313,Forster,Tedie,Hesey,3/21/1991,Male,4590 Eastlawn Court,Sari,8
314,Kingswell,Lorie,Doogue,9/29/1996,Female,65935 Division Hill,Dmitrov,7
315,Klulicek,Carie,Benitez,8/15/1991,Female,13361 Kingsford Lane,Pinillos,7
316,Bollum,Jessamine,Stoffel,9/22/2001,Female,20924 Oneill Plaza,Chiantla,9
317,Wakeham,Eleanore,Donhardt,8/12/1990,Female,9954 Mallory Trail,Wang Sai Phun,8
318,Holah,Jessi,Lerhinan,5/22/1996,Female,72281 Hooker Point,Synevyr,7
319,Scarbarrow,Arlyne,Cisar,6/3/2002,Female,536 Morning Hill,Punta Cana,9
320,Bowcock,Kinny,Meddick,10/7/2004,Male,397 Mitchell Point,Lysice,7
321,McCaskill,Alexis,Teall,4/19/1996,Male,9 Westport Court,Dalmacio Vélez Sársfield,7
322,Sparling,Emera,Dalliwater,3/10/2002,Female,6081 Kedzie Road,Sasayama,8
323,Bernhardt,Agnes,Coad,11/12/2000,Female,7 Summer Ridge Pass,Chợ Mới,10
324,Gillogley,Laverna,Melbourn,5/27/1990,Female,956 Hanson Pass,Samho-rodongjagu,8
325,Arangy,Catarina,McIndoe,11/4/2004,Female,49581 Golf View Pass,Sobue,8
326,Broodes,Halette,Gerhts,8/10/2002,Female,88 Charing Cross Park,Jiezi,10
327,Losel,Cordy,Tant,11/3/2000,Male,24965 Carpenter Trail,Wuhu,7
328,Kienlein,Burty,Elecum,12/25/1999,Male,742 Lake View Hill,Wuxing,8
329,Heggadon,Artair,Willcocks,12/26/1998,Male,4 Graedel Plaza,Thoen,7
330,Myton,Claudio,Larvor,7/9/2004,Male,9 Washington Center,Marataizes,8
331,Brandli,Obed,Francklin,9/21/2002,Male,05504 Eliot Terrace,Oslo,8
332,Yallowley,Raimondo,Moraleda,3/15/1990,Male,2523 Messerschmidt Lane,Jämsänkoski,7
333,Aleksidze,Mirella,Airlie,9/21/2002,Female,798 Dahle Point,Xiangfu,9
334,Southey,Torrin,Johncey,7/4/1999,Male,42 Buell Point,Pijao,8
335,Cosley,Devlen,Guiso,2/8/1999,Male,881 Clyde Gallagher Drive,Torre,7
336,Matskevich,Adrienne,Redley,8/19/1997,Female,864 Buell Avenue,Lefkoniko,8
337,Temporal,Randee,Duffree,1/21/1993,Female,5833 Kenwood Road,Ipiales,9
338,O'Donnell,Flossi,Presslee,8/10/1998,Female,6 Straubel Pass,Bitobe,9
339,Sutherns,Jonathan,McGookin,1/8/1999,Male,892 Fremont Court,Anjiang,7
340,Clipson,Dieter,Staig,9/16/2002,Male,77 Mockingbird Road,Balaka,8
341,Sterricker,Corina,England,11/16/2003,Female,2 Stephen Road,Oktyabr’skiy,10
342,Frankel,Gleda,Waterson,3/6/1992,Female,2365 Crest Line Street,Leiling,10
343,Foresight,Cynthie,Howland,12/1/2003,Female,71338 Maple Wood Parkway,Lais,8
344,Myford,Hetty,Bateman,5/16/1997,Female,7 Almo Terrace,Smiths Falls,7
345,Southall,Hewe,Brolly,5/5/2001,Male,58 Gerald Trail,Stockholm,9
346,Farlow,Livvyy,Pettitt,6/28/1995,Female,545 1st Point,Rzeczenica,8
347,Joul,Willdon,Glandon,1/19/2005,Male,2 Reinke Place,Montbéliard,8
348,Barthod,Jemmy,Butteris,4/1/2003,Female,22215 Johnson Lane,Salto de Pirapora,7
349,Horning,Leonhard,McCormack,7/24/1997,Male,71 Amoth Crossing,Ngori,7
350,Carletto,Rodolfo,Duding,10/10/1994,Male,198 Randy Drive,Singkup,8
351,Leeburn,Darn,Weeks,6/1/1991,Male,60129 Del Sol Parkway,Durham,8
352,Lomas,Giulio,Gindghill,8/5/2004,Male,371 Clyde Gallagher Avenue,Shuangfeng,10
353,Scorey,Codie,Plunkett,5/30/1999,Female,219 Mayer Point,Huangwan,8
354,Gallymore,Halsey,Kingsnorth,12/26/1993,Male,067 Vidon Terrace,Yeniköy,7
355,Parysowna,Bastian,Lathleiff,5/17/2002,Male,3829 Fairfield Pass,Lavia,9
356,Pragnall,Al,Shiers,3/15/1993,Male,7842 Towne Trail,Rakvere,8
357,Ballchin,Garrett,Tremberth,12/28/2004,Male,7058 Victoria Road,Malusay,7
358,Brookesbie,Marlene,Scarlon,11/13/2004,Female,373 Carpenter Crossing,Anthoúsa,8
359,Bazley,Catie,Greenaway,11/19/2003,Female,97 Bobwhite Center,Uliastay,10
360,Cotter,Stephanus,Rime,5/7/2004,Male,7 Gerald Crossing,Nogueira da Regedoura,8
361,Balassa,Garreth,Sinnocke,8/21/1999,Male,875 Sutherland Court,Fès,10
362,Pull,Bartholomew,Mateiko,10/16/1991,Male,5317 Sundown Plaza,Abeokuta,7
363,Buddell,Shermie,Masterson,7/17/1999,Male,2 International Street,Guilin,7
364,Klinck,Minta,Hamsher,12/29/1991,Female,52 Dakota Court,Quimper,7
365,Pensom,Dael,Sapsed,2/20/2004,Male,1764 Springs Hill,Meicheng,7
366,Greetland,Scarface,Sendley,8/10/2000,Male,354 Claremont Center,Thị Trấn Lâm,9
367,Duberry,Micki,Axell,6/23/1991,Female,9 Ridgeview Park,Oenopu,9
368,Filchakov,Barclay,Brodeau,9/11/2003,Male,55 Macpherson Road,Ollachea,9
369,Dyter,Cristionna,Wroath,4/19/2004,Female,3 Quincy Pass,Florentino Ameghino,8
370,Nouch,Jolee,Mattiessen,3/25/1996,Female,7574 Lawn Park,Guarumal,7
371,Hallbird,Albina,Tassel,3/22/2003,Female,581 Grover Road,Idtig,9
372,Mitchener,Hersch,Ambrogini,10/27/1997,Male,03217 Warbler Avenue,Naga,7
373,Suscens,Lila,Mollon,8/13/1999,Female,944 Melody Alley,Andilamena,10
374,Simonetti,Dewie,Collihole,1/6/1998,Male,03680 Gale Hill,Los Angeles,7
375,Custed,Sibeal,Guion,9/19/2005,Female,27983 2nd Point,Jinqiao,7
376,Waldock,Gilly,Vanichkov,8/8/1992,Female,41581 Kensington Junction,Leitões,8
377,Mordanti,Selina,Besque,1/20/1998,Female,812 Hayes Trail,Watuagung,8
378,Richens,Leonhard,Sendley,6/10/1994,Male,9 Forster Pass,Đức Phong,8
379,Byllam,Claudette,Checcuzzi,9/17/1996,Female,09 Waywood Lane,Bektemir,8
380,Wetherald,Cissy,Pattinson,11/9/1990,Female,22 Arizona Avenue,Dongying,7
381,Doey,Hadley,Wisham,2/4/1993,Male,617 2nd Point,Rora Timur,7
382,Condon,Zara,Berthomieu,3/12/2005,Female,3635 Roth Street,Shuangquan,8
383,Andrat,Gradeigh,Beckey,10/24/2003,Male,866 Pine View Parkway,Valuyki,9
384,Sissland,Davidde,Durtnall,4/18/1999,Male,57950 Fisk Place,Heqian,8
385,Castangia,Cindy,McGarva,7/19/1995,Female,6570 Heffernan Terrace,Hornówek,10
386,Delucia,Micah,Stooke,9/7/2005,Male,2 Bonner Center,Shuangfeng,10
387,Mullard,Archibald,Millican,7/31/1996,Male,40 Dovetail Parkway,Floridablanca,7
388,Conford,Bartie,Rehn,7/19/2002,Male,329 Farwell Road,Roma,8
389,Baser,Anallise,Geeraert,12/22/1998,Female,364 Columbus Trail,Bogale,8
390,Berthot,Ardelle,Thebeaud,4/13/1995,Female,8 Stoughton Circle,Brisbane,10
391,Matt,Andreana,Tattersfield,8/24/2003,Female,28449 Atwood Avenue,Nanxiang,8
392,L'oiseau,Kathleen,Lacaze,2/3/1994,Female,709 Rockefeller Center,Alaminos,9
393,Scading,Brunhilde,Statefield,1/13/1998,Female,4517 Oneill Alley,Xilu,7
394,Galia,Constantine,Cumming,7/22/1994,Male,3 Fieldstone Park,Skomielna Czarna,10
395,Castille,Briant,Shee,6/23/2003,Male,371 Corben Drive,Shangma,10
396,Furmonger,Coletta,Plumstead,12/11/2005,Female,9298 Killdeer Place,Maras,8
397,Lucian,Adina,Cusworth,3/3/1997,Female,4 Dovetail Avenue,Kwangju,8
398,Colleran,Dory,Semrad,6/16/1993,Male,7 Everett Circle,Lukunor,10
399,Armytage,Lelah,Dudny,11/26/2003,Female,01 Buena Vista Plaza,Bonriki Village,10
400,Hartigan,Norbie,Pimblott,4/5/1990,Male,2 Mayfield Road,Tunjuk Selatan,7
401,Szapiro,Clea,Towne,11/10/2001,Female,0956 Fremont Hill,Sohag,10
402,Antcliffe,Benedick,Sandom,8/22/1997,Male,5751 Pepper Wood Court,Dalam,8
403,Ivatts,Cristian,Lowerson,6/13/1993,Male,5 Prairieview Pass,Hlusk,9
404,Arbuckle,Laural,Plenty,12/30/1991,Female,426 Schmedeman Avenue,Saint-Priest,9
405,Pedlingham,Audi,Hartin,6/5/1997,Female,213 Anzinger Crossing,Turan,9
406,Eastlake,Kandy,Rableau,7/10/1996,Female,1074 Commercial Park,Aime,7
407,Quemby,Don,Iacovielli,10/8/1990,Male,20372 Sachs Way,Hatsukaichi,10
408,Bresland,Nils,Backson,9/11/1997,Male,7 Rusk Road,Krasica,9
409,Woolhouse,Ilise,Adran,1/11/1995,Female,320 Green Ridge Park,Yihe,9
410,Eidler,Lefty,Carlin,5/12/2004,Male,74667 Blaine Plaza,Toulon,9
411,Sprulls,Kincaid,Scatchar,10/4/1990,Male,7058 Sunnyside Lane,São Gabriel,9
412,Venn,Fidelity,Reily,3/14/2001,Female,63 Dorton Crossing,Vinhais,7
413,Heigl,Teressa,Labbe,7/29/1997,Female,1 Mendota Point,Orzu,8
414,Adamovitz,Cesare,Miere,5/23/1990,Male,9 Green Ridge Drive,Savelugu,8
415,Stebles,Bay,Faunt,4/12/1999,Male,215 Sommers Drive,‘Irbīn,9
416,Highway,Jere,MacCambridge,5/31/2002,Male,95047 Mariners Cove Court,Waikambila,8
417,Gasticke,Frannie,Trewin,12/15/1994,Female,78996 Chinook Alley,Mushu,10
418,Formie,Kassi,Addicott,6/15/2005,Female,55108 Oxford Trail,Kotlovka,7
419,Orthmann,Nerte,Perrelli,12/8/1998,Female,0 Caliangt Circle,Catache,7
420,MacIlwrick,Peyton,Hamper,9/4/2005,Male,848 Anniversary Court,Mithi,7
421,Bartelet,Shawn,Nanuccioi,6/8/2002,Male,2594 Gateway Plaza,Mintang,8
422,Gunthorp,Joaquin,Learmont,8/27/2002,Male,3199 Bay Crossing,Seattle,7
423,Wain,Tammara,Snipe,5/30/1996,Female,03777 Hazelcrest Way,Oesao,7
424,Bywater,Rozella,Faraday,2/13/1990,Female,385 Gerald Crossing,Youwei,7
425,Powderham,Haven,Vaar,2/14/2001,Male,9 Karstens Point,Al Khafjī,9
426,Normanton,Leroy,Izaac,1/24/1990,Male,61 Golf View Trail,Ḏânan,10
427,Spon,Dana,Klosterman,2/17/1994,Female,98782 Carpenter Crossing,Vladivostok,10
428,Bleasdale,Steffi,Rainsden,4/11/1997,Female,2 Summerview Street,Bayeman,7
429,Barendtsen,Emma,Helwig,7/29/1991,Female,9 2nd Lane,Thành Phố Nam Định,10
430,Kubala,Annissa,Richten,5/27/1998,Female,2 Gulseth Alley,Pandanwangi,9
431,Murphey,Channa,Bartle,10/11/1991,Female,5 Stoughton Street,Baranoa,9
432,Gynni,Basilio,Laye,8/10/1990,Male,928 Susan Parkway,Tamansari,10
433,Vaulkhard,Flora,Janota,6/15/1991,Female,37 6th Place,Ostrzeszów,9
434,Antonovic,Corilla,Joscelin,1/2/1993,Female,94214 Lawn Plaza,El Coco,7
435,Tomala,Rayshell,Purviss,12/2/1998,Female,90989 Darwin Pass,Valongo,7
436,McEntagart,Kerr,Rackham,8/29/1996,Male,9816 Hazelcrest Way,Manorhamilton,9
437,Tunn,Katina,Haime,5/6/1992,Female,61775 Lakewood Gardens Lane,Drajak,7
438,Spitaro,Clerc,Coste,6/21/1994,Male,6452 Hoffman Way,Changqi,9
439,Wallsworth,Loreen,Caulcutt,3/6/1999,Female,5100 6th Point,Salfīt,9
440,Osipov,Irene,O'Fallone,3/28/2001,Female,2828 Mendota Crossing,Grazhdanka,7
441,Venners,Town,Holdey,3/20/1996,Male,40 Magdeline Junction,Panognawan,9
442,Ayliff,Wynn,Verbeke,4/11/2004,Male,10 Hudson Way,Xiashe,7
443,Harmon,Claudell,Dosdale,2/13/2000,Male,03058 David Avenue,Tissa,9
444,Dugan,Stavro,Bomfield,4/17/1990,Male,7165 Dakota Trail,Sotteville-lès-Rouen,7
445,Ladds,Giavani,Babonau,5/13/1997,Male,14249 Fallview Pass,Ljig,9
446,Marsie,Kimberli,Beefon,3/5/2002,Female,646 Darwin Road,Heyou,8
447,Krysiak,Asa,Dunkerk,7/21/1999,Male,0126 Iowa Hill,Omaha,7
448,Inston,Lydie,Lippini,8/30/1992,Female,66167 Lawn Alley,Santa Marta de Penaguião,8
449,Gabby,Winnie,Reveland,7/11/1996,Female,747 Kenwood Avenue,San Pedro Pinula,7
450,Linkie,Thorstein,Pettyfer,4/2/1990,Male,69 Little Fleur Trail,Tomorlog,8
451,Poolman,Charlotte,Linsey,2/21/2003,Female,491 Bluestem Crossing,Pazarić,9
452,Cowx,Aubert,Jesper,4/7/1990,Male,22811 Doe Crossing Place,Senanga,7
453,Foster,Jaynell,Pittford,9/23/2004,Female,3 Mayer Terrace,Barqueiro,10
454,Labon,Neddy,Ashton,7/20/1996,Male,3 Spenser Trail,Dasuk,7
455,Rosendahl,Jessika,MacDonnell,4/29/2004,Female,619 Mariners Cove Way,Santa Monica,8
456,Tithecott,Domingo,Bowfin,3/14/2003,Male,9363 Dayton Circle,Caicara,10
457,Mildmott,Kip,Wattingham,10/31/2000,Male,007 Ilene Street,Néa Flogitá,9
458,Petriello,Nickolai,Suddards,10/10/1994,Male,3376 Fordem Street,Jiaoshi,7
459,McRavey,Noelani,Giggie,1/16/2001,Female,7 Sundown Trail,San Francisco,9
460,Ansley,Barbe,Plaid,6/17/1996,Female,0155 Melody Street,Villamontes,8
461,Dundendale,Sabra,Yeardley,4/18/1990,Female,57150 Lien Pass,Volkhovskiy,8
462,Adamsky,Reginald,Coolican,3/8/2000,Male,09743 Veith Center,Shigongqiao,9
463,Langthorn,Jillayne,Wetherhead,7/6/2003,Female,269 Nevada Pass,Bi’r al Ḩufayy,8
464,Slamaker,Natasha,Vardey,7/10/2002,Female,143 Kropf Terrace,Pakham,7
465,Veldman,Quinton,Marriot,7/25/1998,Male,31896 Ronald Regan Junction,Mojogajeh,8
466,Chree,Thomasin,Darthe,7/6/1999,Female,959 Bunker Hill Center,Rzhev,7
467,Garton,Cariotta,Hendrickx,9/1/1995,Female,4 Pankratz Terrace,Kotel’niki,9
468,Patey,Rona,Livingstone,10/21/1996,Female,0 Merrick Lane,Guanlu,10
469,Braikenridge,Bella,Meers,7/30/1996,Female,559 Debra Drive,Mariana,10
470,Peche,Kennith,Campa,12/8/2004,Male,1898 Morning Pass,Kangxung,10
471,Cecchi,Lucita,Peppett,6/8/1998,Female,33417 Ramsey Circle,Nýdek,8
472,Stirrip,Car,Groll,10/7/2003,Male,909 Graedel Plaza,Lubango,10
473,Grestye,Twila,Eglinton,3/21/1995,Female,43 Northridge Junction,Touba,7
474,Corrao,Lanae,Yorke,2/6/1991,Female,8792 Stuart Avenue,Sidowayah Lor,8
475,Jenoure,Melisa,O'Beirne,4/14/2002,Female,889 Autumn Leaf Hill,Hämeenkoski,8
476,Eilles,Stan,Chartman,11/30/1995,Male,24863 Kenwood Place,La Bélgica,9
477,Jowers,Boyd,Learmount,8/17/2000,Male,082 Hallows Terrace,Krajan Timur Mlokorejo,8
478,Chevalier,Toinette,Tressler,5/3/1997,Female,65 Michigan Plaza,Levallois-Perret,9
479,Boyes,Ingunna,Curbishley,5/27/1998,Female,909 Pleasure Place,eMbalenhle,9
480,Meric,Sholom,Gierek,12/20/1999,Male,1728 Mayer Road,Margoyoso,9
481,Merill,Wendeline,Vassar,1/8/2004,Female,6 Eliot Drive,Belén de los Andaquíes,9
482,Heaney,Goldi,Robertshaw,10/24/2001,Female,365 Sugar Junction,Svedala,7
483,Blaver,Sawyere,Vogel,9/12/1996,Male,18943 Canary Way,Niedrzwica Duża,8
484,Farrent,Mauricio,Lawles,2/6/2001,Male,10 Leroy Crossing,Malaga,10
485,Gofton,Gordy,Botterill,9/7/2005,Male,05823 Ohio Way,Solnice,8
486,Dorn,Hart,Sterrie,9/12/1995,Male,4387 North Lane,Lamak,10
487,Bastide,Wandis,Prowting,2/21/1991,Female,00373 Portage Way,Dalaba,8
488,McCurtin,Trixie,Tzarkov,5/21/1995,Female,360 Old Shore Hill,Cabalawan,9
489,Teodoro,Culver,Sandhill,10/22/2002,Male,3298 Glacier Hill Crossing,Verkhniy Lomov,8
490,Gail,Florie,Ludlem,12/19/1992,Female,4 Browning Terrace,Zhuzuo,9
491,Glasser,Ray,Febre,2/15/2003,Male,04 Susan Pass,Fuyo,7
492,Mattsson,Charisse,Giacoppo,12/21/2004,Female,35 Hauk Hill,Luleå,7
493,Tearny,Nicoli,Pacquet,3/13/1992,Female,9 Bartillon Crossing,La Loma,8
494,Fawbert,Lonnie,Tremmel,6/7/1998,Female,57587 Brickson Park Road,Skiáthos,9
495,Crichten,Steve,Dungey,5/3/2005,Male,59 Dennis Terrace,Mafang,7
496,Peasegood,Oswald,Eastabrook,9/6/1995,Male,86354 Thierer Crossing,Jardín América,9
497,Barneville,Enos,Iskowicz,1/1/1993,Male,745 Di Loreto Road,Nida,9
498,Larrett,Goldy,Freegard,5/31/2003,Female,45552 Fair Oaks Pass,Cergy-Pontoise,10
499,Thickin,Kaia,Chessell,12/25/1999,Female,46915 7th Parkway,Hangkou,7
500,Alcido,Winnie,Spur,11/29/1997,Male,44 Harper Park,Gharyan,10
